<?xml version="1.0" encoding="UTF-8"?>
<beans xmlns="http://www.springframework.org/schema/beans"
	xmlns:xsi="http://www.w3.org/2001/XMLSchema-instance"
	xsi:schemaLocation="http://www.springframework.org/schema/beans http://www.springframework.org/schema/beans/spring-beans.xsd">


<bean id="msg" class="com.demo.spring.Message">
	 <property name="header" value="Lunch break"/>
 	 <property name="body" value="May not come today" />
</bean>

<bean id="mail" class="com.demo.spring.Mail" scope="prototype">
		<property name="toAddr" value="all"/>
		<property name="fromAddr" value="trainer"/>
		<property name="message" ref="msg"/>
</bean>


</beans>
